{
    "system_info": {
        "os": "Darwin",
        "os_version": "Darwin Kernel Version 24.4.0: Fri Apr 11 18:32:50 PDT 2025; root:xnu-11417.101.15~117/RELEASE_ARM64_T6041",
        "architecture": "64bit",
        "cpu": {
            "model": "Apple M4 Max",
            "cores": 14,
            "threads": 14,
            "frequency_mhz": "N/A",
            "l2_cache_size": "N/A",
            "l3_cache_size": "N/A"
        },
        "memory": {
            "total_gb": 36.0,
            "available_gb": 18.06,
            "used_percent": 49.8
        },
        "gpus": "NVIDIA GPU not found or pynvml failed.",
        "torch_gpus": {
            "backend": "MPS",
            "device_count": 1,
            "device_names": [
                "Apple M-series GPU"
            ]
        }
    },
    "cpu": {
        "floating_point_operations": 0.0047490596771240234,
        "parallel_processing": 2.3558778762817383
    },
    "memory": {
        "allocation": 4.76837158203125e-06
    },
    "gpu": {
        "tensor_operations": 0.00032520294189453125,
        "tiny_training_loop": 0.002699136734008789
    },
    "disk": {
        "write_time": 0.025942087173461914,
        "read_time": 0.00394892692565918
    },
    "ml": {
        "timings": {
            "create_dataset": 0.0029811859130859375,
            "run_grid_search": 14.669016122817993
        },
        "best_params": {
            "max_depth": 10,
            "n_estimators": 50
        },
        "best_score": 0.8768746367319239
    },
    "plot": {
        "generate_scatter_plot": 0.0044939517974853516,
        "animate_sine_wave": 1.0086517333984375,
        "render_large_image": 0.4673638343811035
    },
    "reference_index": 43257.268373181185,
    "config_name": "standard"
}