{
    "system_info": {
        "os": "Darwin",
        "os_version": "Darwin Kernel Version 24.4.0: Fri Apr 11 18:32:50 PDT 2025; root:xnu-11417.101.15~117/RELEASE_ARM64_T6041",
        "architecture": "64bit",
        "cpu": {
            "model": "Apple M4 Max",
            "cores": 14,
            "threads": 14,
            "frequency_mhz": "N/A",
            "l2_cache_size": "N/A",
            "l3_cache_size": "N/A"
        },
        "memory": {
            "total_gb": 36.0,
            "available_gb": 18.58,
            "used_percent": 48.4
        },
        "gpus": "NVIDIA GPU not found or pynvml failed.",
        "torch_gpus": {
            "backend": "MPS",
            "device_count": 1,
            "device_names": [
                "Apple M-series GPU"
            ]
        }
    },
    "cpu": {
        "floating_point_operations": 0.025039196014404297,
        "parallel_processing": 2.3865561485290527
    },
    "memory": {
        "allocation": 7.867813110351562e-06
    },
    "gpu": {
        "tensor_operations": 0.0003330707550048828,
        "tiny_training_loop": 0.0032320022583007812
    },
    "disk": {
        "write_time": 0.056014060974121094,
        "read_time": 0.008733987808227539
    },
    "ml": {
        "timings": {
            "create_dataset": 0.0030679702758789062,
            "run_grid_search": 13.96237587928772
        },
        "best_params": {
            "max_depth": null,
            "n_estimators": 50
        },
        "best_score": 0.9668755302811455
    },
    "plot": {
        "generate_scatter_plot": 0.006604671478271484,
        "animate_sine_wave": 1.033221960067749,
        "render_large_image": 0.48575687408447266
    },
    "reference_index": 26636.945223444593,
    "config_name": "heavy"
}