{
    "system_info": {
        "os": "Darwin",
        "os_version": "Darwin Kernel Version 24.4.0: Fri Apr 11 18:32:50 PDT 2025; root:xnu-11417.101.15~117/RELEASE_ARM64_T6041",
        "architecture": "64bit",
        "cpu": {
            "model": "Apple M4 Max",
            "cores": 14,
            "threads": 14,
            "frequency_mhz": "N/A",
            "l2_cache_size": "N/A",
            "l3_cache_size": "N/A"
        },
        "memory": {
            "total_gb": 36.0,
            "available_gb": 17.88,
            "used_percent": 50.3
        },
        "gpus": "NVIDIA GPU not found or pynvml failed.",
        "torch_gpus": {
            "backend": "MPS",
            "device_count": 1,
            "device_names": [
                "Apple M-series GPU"
            ]
        }
    },
    "cpu": {
        "floating_point_operations": 0.0047686100006103516,
        "parallel_processing": 2.366992950439453
    },
    "memory": {
        "allocation": 5.245208740234375e-06
    },
    "gpu": {
        "tensor_operations": 0.0003390312194824219,
        "tiny_training_loop": 0.0025789737701416016
    },
    "disk": {
        "write_time": 0.026198148727416992,
        "read_time": 0.003930807113647461
    },
    "ml": {
        "timings": {
            "create_dataset": 0.0030128955841064453,
            "run_grid_search": 15.762825965881348
        },
        "best_params": {
            "max_depth": 20,
            "n_estimators": 100
        },
        "best_score": 0.9446241856677142
    },
    "plot": {
        "generate_scatter_plot": 0.004550933837890625,
        "animate_sine_wave": 1.0514230728149414,
        "render_large_image": 0.48755598068237305
    },
    "reference_index": 39393.750598346574
}