{
    "system_info": {
        "os": "Darwin",
        "os_version": "Darwin Kernel Version 24.4.0: Fri Apr 11 18:32:50 PDT 2025; root:xnu-11417.101.15~117/RELEASE_ARM64_T6041",
        "architecture": "64bit",
        "cpu": {
            "model": "Apple M4 Max",
            "cores": 14,
            "threads": 14,
            "frequency_mhz": "N/A",
            "l2_cache_size": "N/A",
            "l3_cache_size": "N/A"
        },
        "memory": {
            "total_gb": 36.0,
            "available_gb": 18.56,
            "used_percent": 48.4
        },
        "gpus": "NVIDIA GPU not found or pynvml failed.",
        "torch_gpus": {
            "backend": "MPS",
            "device_count": 1,
            "device_names": [
                "Apple M-series GPU"
            ]
        }
    },
    "cpu": {
        "floating_point_operations": 0.025780916213989258,
        "parallel_processing": 2.5168697834014893
    },
    "memory": {
        "allocation": 7.152557373046875e-06
    },
    "gpu": {
        "tensor_operations": 0.0003139972686767578,
        "tiny_training_loop": 0.0030188560485839844
    },
    "disk": {
        "write_time": 0.05631208419799805,
        "read_time": 0.009456872940063477
    },
    "ml": {
        "timings": {
            "create_dataset": 0.0030050277709960938,
            "run_grid_search": 14.885272741317749
        },
        "best_params": {
            "max_depth": 20,
            "n_estimators": 100
        },
        "best_score": 0.9576248111521695
    },
    "plot": {
        "generate_scatter_plot": 0.007387876510620117,
        "animate_sine_wave": 1.0261650085449219,
        "render_large_image": 0.4680361747741699
    },
    "reference_index": 29251.43845034,
    "config_name": "heavy"
}