{
    "system_info": {
        "os": "Darwin",
        "os_version": "Darwin Kernel Version 24.4.0: Fri Apr 11 18:32:50 PDT 2025; root:xnu-11417.101.15~117/RELEASE_ARM64_T6041",
        "architecture": "64bit",
        "cpu": {
            "model": "Apple M4 Max",
            "cores": 14,
            "threads": 14,
            "frequency_mhz": "N/A",
            "l2_cache_size": "N/A",
            "l3_cache_size": "N/A"
        },
        "memory": {
            "total_gb": 36.0,
            "available_gb": 17.58,
            "used_percent": 51.2
        },
        "gpus": "NVIDIA GPU not found or pynvml failed.",
        "torch_gpus": {
            "backend": "MPS",
            "device_count": 1,
            "device_names": [
                "Apple M-series GPU"
            ]
        }
    },
    "cpu": {
        "floating_point_operations": 0.0003910064697265625,
        "parallel_processing": 2.352727174758911
    },
    "memory": {
        "allocation": 0.000308990478515625
    },
    "gpu": {
        "tensor_operations": 0.0002589225769042969,
        "tiny_training_loop": 0.0030379295349121094
    },
    "disk": {
        "write_time": 0.005143880844116211,
        "read_time": 0.0007970333099365234
    },
    "ml": {
        "timings": {
            "create_dataset": 0.0028760433197021484,
            "run_grid_search": 13.969429969787598
        },
        "best_params": {
            "max_depth": null,
            "n_estimators": 100
        },
        "best_score": 0.9613749050310947
    },
    "plot": {
        "generate_scatter_plot": 0.002643108367919922,
        "animate_sine_wave": 1.0209143161773682,
        "render_large_image": 0.4563131332397461
    },
    "reference_index": 3215.133463161765,
    "config_name": "light"
}