{
    "system_info": {
        "os": "Darwin",
        "os_version": "Darwin Kernel Version 24.4.0: Fri Apr 11 18:32:50 PDT 2025; root:xnu-11417.101.15~117/RELEASE_ARM64_T6041",
        "architecture": "64bit",
        "cpu": {
            "model": "Apple M4 Max",
            "cores": 14,
            "threads": 14,
            "frequency_mhz": "N/A",
            "l2_cache_size": "N/A",
            "l3_cache_size": "N/A"
        },
        "memory": {
            "total_gb": 36.0,
            "available_gb": 18.73,
            "used_percent": 48.0
        },
        "gpus": "NVIDIA GPU not found or pynvml failed.",
        "torch_gpus": {
            "backend": "MPS",
            "device_count": 1,
            "device_names": [
                "Apple M-series GPU"
            ]
        }
    },
    "cpu": {
        "floating_point_operations": 0.00039124488830566406,
        "parallel_processing": 2.368022918701172
    },
    "memory": {
        "allocation": 0.0004031658172607422
    },
    "gpu": {
        "tensor_operations": 0.00019979476928710938,
        "tiny_training_loop": 0.003120899200439453
    },
    "disk": {
        "write_time": 0.005140066146850586,
        "read_time": 0.0008678436279296875
    },
    "ml": {
        "timings": {
            "create_dataset": 0.0029528141021728516,
            "run_grid_search": 14.290352821350098
        },
        "best_params": {
            "max_depth": null,
            "n_estimators": 50
        },
        "best_score": 0.9362497636032554
    },
    "plot": {
        "generate_scatter_plot": 0.0029273033142089844,
        "animate_sine_wave": 1.004288911819458,
        "render_large_image": 0.4588761329650879
    },
    "reference_index": 3520.5057924078046,
    "config_name": "light"
}