{
    "system_info": {
        "os": "Darwin",
        "os_version": "Darwin Kernel Version 24.4.0: Fri Apr 11 18:32:50 PDT 2025; root:xnu-11417.101.15~117/RELEASE_ARM64_T6041",
        "architecture": "64bit",
        "cpu": {
            "model": "Apple M4 Max",
            "cores": 14,
            "threads": 14,
            "frequency_mhz": "N/A",
            "l2_cache_size": "N/A",
            "l3_cache_size": "N/A"
        },
        "memory": {
            "total_gb": 36.0,
            "available_gb": 19.03,
            "used_percent": 47.1
        },
        "gpus": "NVIDIA GPU not found or pynvml failed.",
        "torch_gpus": {
            "backend": "MPS",
            "device_count": 1,
            "device_names": [
                "Apple M-series GPU"
            ]
        }
    },
    "cpu": {
        "floating_point_operations": 0.00039005279541015625,
        "parallel_processing": 2.382162094116211
    },
    "memory": {
        "allocation": 0.00032591819763183594
    },
    "gpu": {
        "tensor_operations": 0.00019478797912597656,
        "tiny_training_loop": 0.003030061721801758
    },
    "disk": {
        "write_time": 0.004904985427856445,
        "read_time": 0.0010402202606201172
    },
    "ml": {
        "timings": {
            "create_dataset": 0.0029802322387695312,
            "run_grid_search": 14.30506706237793
        },
        "best_params": {
            "max_depth": 20,
            "n_estimators": 50
        },
        "best_score": 0.9151249660934169
    },
    "plot": {
        "generate_scatter_plot": 0.002666950225830078,
        "animate_sine_wave": 1.0014760494232178,
        "render_large_image": 0.4622318744659424
    },
    "reference_index": 3692.6679251816345,
    "config_name": "light"
}