{
    "system_info": {
        "os": "Darwin",
        "os_version": "Darwin Kernel Version 24.4.0: Fri Apr 11 18:32:50 PDT 2025; root:xnu-11417.101.15~117/RELEASE_ARM64_T6041",
        "architecture": "64bit",
        "cpu": {
            "model": "Apple M4 Max",
            "cores": 14,
            "threads": 14,
            "frequency_mhz": "N/A",
            "l2_cache_size": "N/A",
            "l3_cache_size": "N/A"
        },
        "memory": {
            "total_gb": 36.0,
            "available_gb": 18.12,
            "used_percent": 49.7
        },
        "gpus": "NVIDIA GPU not found or pynvml failed.",
        "torch_gpus": {
            "backend": "MPS",
            "device_count": 1,
            "device_names": [
                "Apple M-series GPU"
            ]
        }
    },
    "cpu": {
        "floating_point_operations": 0.02480792999267578,
        "parallel_processing": 2.415786027908325
    },
    "memory": {
        "allocation": 1.0013580322265625e-05
    },
    "gpu": {
        "tensor_operations": 0.00030612945556640625,
        "tiny_training_loop": 0.0027158260345458984
    },
    "disk": {
        "write_time": 0.06153988838195801,
        "read_time": 0.010483980178833008
    },
    "ml": {
        "timings": {
            "create_dataset": 0.0031290054321289062,
            "run_grid_search": 14.58573317527771
        },
        "best_params": {
            "max_depth": null,
            "n_estimators": 50
        },
        "best_score": 0.9579999518064742
    },
    "plot": {
        "generate_scatter_plot": 0.006602048873901367,
        "animate_sine_wave": 1.0370659828186035,
        "render_large_image": 0.4983248710632324
    },
    "reference_index": 21295.63682712408,
    "config_name": "heavy"
}