{
    "system_info": {
        "os": "Darwin",
        "os_version": "Darwin Kernel Version 24.4.0: Fri Apr 11 18:32:50 PDT 2025; root:xnu-11417.101.15~117/RELEASE_ARM64_T6041",
        "architecture": "64bit",
        "cpu": {
            "model": "Apple M4 Max",
            "cores": 14,
            "threads": 14,
            "frequency_mhz": "N/A",
            "l2_cache_size": "N/A",
            "l3_cache_size": "N/A"
        },
        "memory": {
            "total_gb": 36.0,
            "available_gb": 18.22,
            "used_percent": 49.4
        },
        "gpus": "NVIDIA GPU not found or pynvml failed.",
        "torch_gpus": {
            "backend": "MPS",
            "device_count": 1,
            "device_names": [
                "Apple M-series GPU"
            ]
        }
    },
    "cpu": {
        "floating_point_operations": 0.004967927932739258,
        "parallel_processing": 2.7519571781158447
    },
    "memory": {
        "allocation": 4.291534423828125e-06
    },
    "gpu": {
        "tensor_operations": 0.00033211708068847656,
        "tiny_training_loop": 0.0024459362030029297
    },
    "disk": {
        "write_time": 0.0270230770111084,
        "read_time": 0.004415035247802734
    },
    "ml": {
        "timings": {
            "create_dataset": 0.0030298233032226562,
            "run_grid_search": 14.420446872711182
        },
        "best_params": {
            "max_depth": 20,
            "n_estimators": 50
        },
        "best_score": 0.9197490598746425
    },
    "plot": {
        "generate_scatter_plot": 0.004462003707885742,
        "animate_sine_wave": 1.016887903213501,
        "render_large_image": 0.4814260005950928
    },
    "reference_index": 47888.2887878291,
    "config_name": "standard",
    "uuid": "26c60682-6762-4100-a10a-d74ecbbdac8b"
}