{
    "system_info": {
        "os": "Darwin",
        "os_version": "Darwin Kernel Version 24.4.0: Fri Apr 11 18:32:50 PDT 2025; root:xnu-11417.101.15~117/RELEASE_ARM64_T6041",
        "architecture": "64bit",
        "cpu": {
            "model": "Apple M4 Max",
            "cores": 14,
            "threads": 14,
            "frequency_mhz": "N/A",
            "l2_cache_size": "N/A",
            "l3_cache_size": "N/A"
        },
        "memory": {
            "total_gb": 36.0,
            "available_gb": 17.66,
            "used_percent": 50.9
        },
        "gpus": "NVIDIA GPU not found or pynvml failed.",
        "torch_gpus": {
            "backend": "MPS",
            "device_count": 1,
            "device_names": [
                "Apple M-series GPU"
            ]
        }
    },
    "cpu": {
        "floating_point_operations": 0.004573822021484375,
        "parallel_processing": 2.3599321842193604
    },
    "memory": {
        "allocation": 5.245208740234375e-06
    },
    "gpu": {
        "tensor_operations": 0.0002961158752441406,
        "tiny_training_loop": 0.002640962600708008
    },
    "disk": {
        "write_time": 0.02543497085571289,
        "read_time": 0.0039212703704833984
    },
    "ml": {
        "timings": {
            "create_dataset": 0.002958059310913086,
            "run_grid_search": 13.683653116226196
        },
        "best_params": {
            "max_depth": 20,
            "n_estimators": 100
        },
        "best_score": 0.9402508107341796
    },
    "plot": {
        "generate_scatter_plot": 0.004426002502441406,
        "animate_sine_wave": 0.9855270385742188,
        "render_large_image": 0.4687330722808838
    },
    "reference_index": 39568.313119762985
}