{
    "system_info": {
        "os": "Darwin",
        "os_version": "Darwin Kernel Version 24.4.0: Fri Apr 11 18:32:50 PDT 2025; root:xnu-11417.101.15~117/RELEASE_ARM64_T6041",
        "architecture": "64bit",
        "cpu": {
            "model": "Apple M4 Max",
            "cores": 14,
            "threads": 14,
            "frequency_mhz": "N/A",
            "l2_cache_size": "N/A",
            "l3_cache_size": "N/A"
        },
        "memory": {
            "total_gb": 36.0,
            "available_gb": 18.56,
            "used_percent": 48.5
        },
        "gpus": "NVIDIA GPU not found or pynvml failed.",
        "torch_gpus": {
            "backend": "MPS",
            "device_count": 1,
            "device_names": [
                "Apple M-series GPU"
            ]
        }
    },
    "cpu": {
        "floating_point_operations": 0.0003960132598876953,
        "parallel_processing": 2.4025299549102783
    },
    "memory": {
        "allocation": 0.00024509429931640625
    },
    "gpu": {
        "tensor_operations": 0.0001971721649169922,
        "tiny_training_loop": 0.002779245376586914
    },
    "disk": {
        "write_time": 0.00485682487487793,
        "read_time": 0.0008161067962646484
    },
    "ml": {
        "timings": {
            "create_dataset": 0.002986907958984375,
            "run_grid_search": 13.703925848007202
        },
        "best_params": {
            "max_depth": null,
            "n_estimators": 100
        },
        "best_score": 0.9280000915114418
    },
    "plot": {
        "generate_scatter_plot": 0.0026378631591796875,
        "animate_sine_wave": 0.9999837875366211,
        "render_large_image": 0.4662740230560303
    },
    "reference_index": 3854.7635575776567,
    "config_name": "light"
}