{
    "system_info": {
        "os": "Darwin",
        "os_version": "Darwin Kernel Version 24.4.0: Fri Apr 11 18:32:50 PDT 2025; root:xnu-11417.101.15~117/RELEASE_ARM64_T6041",
        "architecture": "64bit",
        "cpu": {
            "model": "Apple M4 Max",
            "cores": 14,
            "threads": 14,
            "frequency_mhz": "N/A",
            "l2_cache_size": "N/A",
            "l3_cache_size": "N/A"
        },
        "memory": {
            "total_gb": 36.0,
            "available_gb": 17.45,
            "used_percent": 51.5
        },
        "gpus": "NVIDIA GPU not found or pynvml failed.",
        "torch_gpus": {
            "backend": "MPS",
            "device_count": 1,
            "device_names": [
                "Apple M-series GPU"
            ]
        }
    },
    "cpu": {
        "floating_point_operations": 0.004736900329589844,
        "parallel_processing": 2.3193531036376953
    },
    "memory": {
        "allocation": 5.0067901611328125e-06
    },
    "gpu": {
        "tensor_operations": 0.00031304359436035156,
        "tiny_training_loop": 0.0024917125701904297
    },
    "disk": {
        "write_time": 0.02624797821044922,
        "read_time": 0.003969907760620117
    },
    "ml": {
        "timings": {
            "create_dataset": 0.0030510425567626953,
            "run_grid_search": 15.901915073394775
        },
        "best_params": {
            "max_depth": 10,
            "n_estimators": 100
        },
        "best_score": 0.9078746064468873
    },
    "plot": {
        "generate_scatter_plot": 0.004361867904663086,
        "animate_sine_wave": 0.9746429920196533,
        "render_large_image": 0.4610719680786133
    },
    "reference_index": 41307.97309131941
}