{
    "system_info": {
        "os": "Darwin",
        "os_version": "Darwin Kernel Version 24.1.0: Thu Oct 10 21:06:57 PDT 2024; root:xnu-11215.41.3~3/RELEASE_ARM64_T6041",
        "architecture": "64bit",
        "cpu_count": 14,
        "memory": "36.0 GB",
        "gpus": [],
        "torch_gpus": {
            "backend": "MPS",
            "device_count": 1,
            "device_names": [
                "Apple M-series GPU"
            ]
        }
    },
    "cpu": {
        "floating_point_operations": 0.004377841949462891,
        "parallel_processing": 3.0767738819122314
    },
    "memory": {
        "allocation": 5.9604644775390625e-06
    },
    "gpu": {
        "tensor_operations": 0.0003750324249267578,
        "tiny_training_loop": 0.0021359920501708984
    },
    "disk": {
        "write_time": 0.02738189697265625,
        "read_time": 0.004434823989868164
    },
    "ml": {
        "timings": {
            "create_dataset": 0.004134178161621094,
            "grid_search_time": 13.970732927322388
        },
        "best_params": {
            "max_depth": 20,
            "n_estimators": 100
        },
        "best_score": 0.9020000594449326
    },
    "plot": {
        "generate_scatter_plot": 0.0037708282470703125,
        "animate_sine_wave": 0.8444900512695312,
        "render_large_image": 0.21387600898742676
    }
}