{
    "system_info": {
        "os": "Darwin",
        "os_version": "Darwin Kernel Version 24.4.0: Fri Apr 11 18:32:50 PDT 2025; root:xnu-11417.101.15~117/RELEASE_ARM64_T6041",
        "architecture": "64bit",
        "cpu": {
            "model": "Apple M4 Max",
            "cores": 14,
            "threads": 14,
            "frequency_mhz": "N/A",
            "l2_cache_size": "N/A",
            "l3_cache_size": "N/A"
        },
        "memory": {
            "total_gb": 36.0,
            "available_gb": 17.7,
            "used_percent": 50.8
        },
        "gpus": "NVIDIA GPU not found or pynvml failed.",
        "torch_gpus": {
            "backend": "MPS",
            "device_count": 1,
            "device_names": [
                "Apple M-series GPU"
            ]
        }
    },
    "cpu": {
        "floating_point_operations": 0.004672050476074219,
        "parallel_processing": 2.3144638538360596
    },
    "memory": {
        "allocation": 3.814697265625e-06
    },
    "gpu": {
        "tensor_operations": 0.0003383159637451172,
        "tiny_training_loop": 0.0025467872619628906
    },
    "disk": {
        "write_time": 0.025409936904907227,
        "read_time": 0.004200935363769531
    },
    "ml": {
        "timings": {
            "create_dataset": 0.002924680709838867,
            "run_grid_search": 15.530272006988525
        },
        "best_params": {
            "max_depth": 20,
            "n_estimators": 50
        },
        "best_score": 0.9266252633649601
    },
    "plot": {
        "generate_scatter_plot": 0.0044591426849365234,
        "animate_sine_wave": 0.9900012016296387,
        "render_large_image": 0.44942712783813477
    },
    "reference_index": 53696.74222232004
}