{
    "system_info": {
        "os": "Darwin",
        "os_version": "Darwin Kernel Version 24.1.0: Thu Oct 10 21:06:57 PDT 2024; root:xnu-11215.41.3~3/RELEASE_ARM64_T6041",
        "architecture": "64bit",
        "cpu_count": 14,
        "memory": "36.0 GB",
        "gpus": [],
        "torch_gpus": {
            "backend": "MPS",
            "device_count": 1,
            "device_names": [
                "Apple M-series GPU"
            ]
        }
    },
    "cpu": {
        "floating_point": 0.0044901371002197266,
        "parallel_processing": 3.066918134689331
    },
    "memory": {
        "allocation": 4.291534423828125e-06
    },
    "gpu": {
        "tensor_operations": 0.00031304359436035156,
        "tiny_training_loop": 0.0022611618041992188
    },
    "disk": {
        "write_time": 0.026035785675048828,
        "read_time": 0.00410914421081543
    },
    "ml": {
        "grid_search_time": 14.236164808273315,
        "best_params": {
            "max_depth": null,
            "n_estimators": 100
        },
        "best_score": 0.9335001073102921
    },
    "plot": {
        "scatter_plot_time": 0.0033388137817382812,
        "animation_time": 0.8699877262115479,
        "large_image_time": 0.2208540439605713
    }
}