{
    "system_info": {
        "os": "Darwin",
        "os_version": "Darwin Kernel Version 24.4.0: Fri Apr 11 18:32:50 PDT 2025; root:xnu-11417.101.15~117/RELEASE_ARM64_T6041",
        "architecture": "64bit",
        "cpu": {
            "model": "Apple M4 Max",
            "cores": 14,
            "threads": 14,
            "frequency_mhz": "N/A",
            "l2_cache_size": "N/A",
            "l3_cache_size": "N/A"
        },
        "memory": {
            "total_gb": 36.0,
            "available_gb": 17.9,
            "used_percent": 50.3
        },
        "gpus": "NVIDIA GPU not found or pynvml failed.",
        "torch_gpus": {
            "backend": "MPS",
            "device_count": 1,
            "device_names": [
                "Apple M-series GPU"
            ]
        }
    },
    "cpu": {
        "floating_point_operations": 0.0249936580657959,
        "parallel_processing": 2.3151302337646484
    },
    "memory": {
        "allocation": 8.106231689453125e-06
    },
    "gpu": {
        "tensor_operations": 0.0004928112030029297,
        "tiny_training_loop": 0.0034017562866210938
    },
    "disk": {
        "write_time": 0.054038047790527344,
        "read_time": 0.00871896743774414
    },
    "ml": {
        "timings": {
            "create_dataset": 0.0029578208923339844,
            "run_grid_search": 13.74192500114441
        },
        "best_params": {
            "max_depth": null,
            "n_estimators": 100
        },
        "best_score": 0.9376252480817993
    },
    "plot": {
        "generate_scatter_plot": 0.006758213043212891,
        "animate_sine_wave": 1.0297529697418213,
        "render_large_image": 0.4930586814880371
    },
    "reference_index": 25500.05039015607,
    "config_name": "heavy"
}