{
    "system_info": {
        "os": "Darwin",
        "os_version": "Darwin Kernel Version 24.4.0: Fri Apr 11 18:32:50 PDT 2025; root:xnu-11417.101.15~117/RELEASE_ARM64_T6041",
        "architecture": "64bit",
        "cpu": {
            "model": "Apple M4 Max",
            "cores": 14,
            "threads": 14,
            "frequency_mhz": "N/A",
            "l2_cache_size": "N/A",
            "l3_cache_size": "N/A"
        },
        "memory": {
            "total_gb": 36.0,
            "available_gb": 17.63,
            "used_percent": 51.0
        },
        "gpus": "NVIDIA GPU not found or pynvml failed.",
        "torch_gpus": {
            "backend": "MPS",
            "device_count": 1,
            "device_names": [
                "Apple M-series GPU"
            ]
        }
    },
    "cpu": {
        "floating_point_operations": 0.004604816436767578,
        "parallel_processing": 2.349891185760498
    },
    "memory": {
        "allocation": 4.0531158447265625e-06
    },
    "gpu": {
        "tensor_operations": 0.0003199577331542969,
        "tiny_training_loop": 0.0031790733337402344
    },
    "disk": {
        "write_time": 0.025872230529785156,
        "read_time": 0.003957033157348633
    },
    "ml": {
        "timings": {
            "create_dataset": 0.002969026565551758,
            "run_grid_search": 14.456045150756836
        },
        "best_params": {
            "max_depth": null,
            "n_estimators": 100
        },
        "best_score": 0.9333749822907546
    },
    "plot": {
        "generate_scatter_plot": 0.00434565544128418,
        "animate_sine_wave": 0.9749152660369873,
        "render_large_image": 0.455341100692749
    },
    "reference_index": 50681.783636870365,
    "config_name": "standard"
}