{
    "system_info": {
        "os": "Darwin",
        "os_version": "Darwin Kernel Version 24.4.0: Fri Apr 11 18:32:50 PDT 2025; root:xnu-11417.101.15~117/RELEASE_ARM64_T6041",
        "architecture": "64bit",
        "cpu": {
            "model": "Apple M4 Max",
            "cores": 14,
            "threads": 14,
            "frequency_mhz": "N/A",
            "l2_cache_size": "N/A",
            "l3_cache_size": "N/A"
        },
        "memory": {
            "total_gb": 36.0,
            "available_gb": 17.04,
            "used_percent": 52.7
        },
        "gpus": "NVIDIA GPU not found or pynvml failed.",
        "torch_gpus": {
            "backend": "MPS",
            "device_count": 1,
            "device_names": [
                "Apple M-series GPU"
            ]
        }
    },
    "cpu": {
        "floating_point_operations": 0.004739999771118164,
        "parallel_processing": 2.4118058681488037
    },
    "memory": {
        "allocation": 4.0531158447265625e-06
    },
    "gpu": {
        "tensor_operations": 0.0003018379211425781,
        "tiny_training_loop": 0.0030100345611572266
    },
    "disk": {
        "write_time": 0.02570176124572754,
        "read_time": 0.00390625
    },
    "ml": {
        "timings": {
            "create_dataset": 0.0028820037841796875,
            "run_grid_search": 13.366079092025757
        },
        "best_params": {
            "max_depth": 20,
            "n_estimators": 50
        },
        "best_score": 0.9703745302654873
    },
    "plot": {
        "generate_scatter_plot": 0.004335880279541016,
        "animate_sine_wave": 0.9811639785766602,
        "render_large_image": 0.4798390865325928
    },
    "reference_index": 50754.3556648706
}