{
    "system_info": {
        "os": "Darwin",
        "os_version": "Darwin Kernel Version 24.4.0: Fri Apr 11 18:32:50 PDT 2025; root:xnu-11417.101.15~117/RELEASE_ARM64_T6041",
        "architecture": "64bit",
        "cpu": {
            "model": "Apple M4 Max",
            "cores": 14,
            "threads": 14,
            "frequency_mhz": "N/A",
            "l2_cache_size": "N/A",
            "l3_cache_size": "N/A"
        },
        "memory": {
            "total_gb": 36.0,
            "available_gb": 18.39,
            "used_percent": 48.9
        },
        "gpus": "NVIDIA GPU not found or pynvml failed.",
        "torch_gpus": {
            "backend": "MPS",
            "device_count": 1,
            "device_names": [
                "Apple M-series GPU"
            ]
        }
    },
    "cpu": {
        "floating_point_operations": 0.00488591194152832,
        "parallel_processing": 2.4589831829071045
    },
    "memory": {
        "allocation": 4.76837158203125e-06
    },
    "gpu": {
        "tensor_operations": 0.0003421306610107422,
        "tiny_training_loop": 0.002644062042236328
    },
    "disk": {
        "write_time": 0.026317119598388672,
        "read_time": 0.0044291019439697266
    },
    "ml": {
        "timings": {
            "create_dataset": 0.0030028820037841797,
            "run_grid_search": 15.00113320350647
        },
        "best_params": {
            "max_depth": null,
            "n_estimators": 50
        },
        "best_score": 0.8939997935366857
    },
    "plot": {
        "generate_scatter_plot": 0.00449681282043457,
        "animate_sine_wave": 1.015918254852295,
        "render_large_image": 0.46657896041870117
    },
    "reference_index": 43194.05200511232,
    "config_name": "standard"
}