{
    "system_info": {
        "os": "Darwin",
        "os_version": "Darwin Kernel Version 24.4.0: Fri Apr 11 18:32:50 PDT 2025; root:xnu-11417.101.15~117/RELEASE_ARM64_T6041",
        "architecture": "64bit",
        "cpu": {
            "model": "Apple M4 Max",
            "cores": 14,
            "threads": 14,
            "frequency_mhz": "N/A",
            "l2_cache_size": "N/A",
            "l3_cache_size": "N/A"
        },
        "memory": {
            "total_gb": 36.0,
            "available_gb": 17.71,
            "used_percent": 50.8
        },
        "gpus": "NVIDIA GPU not found or pynvml failed.",
        "torch_gpus": {
            "backend": "MPS",
            "device_count": 1,
            "device_names": [
                "Apple M-series GPU"
            ]
        }
    },
    "cpu": {
        "floating_point_operations": 0.005033969879150391,
        "parallel_processing": 2.686851978302002
    },
    "memory": {
        "allocation": 4.0531158447265625e-06
    },
    "gpu": {
        "tensor_operations": 0.0003032684326171875,
        "tiny_training_loop": 0.002710103988647461
    },
    "disk": {
        "write_time": 0.025809049606323242,
        "read_time": 0.003985881805419922
    },
    "ml": {
        "timings": {
            "create_dataset": 0.0029449462890625,
            "run_grid_search": 14.136753797531128
        },
        "best_params": {
            "max_depth": 20,
            "n_estimators": 100
        },
        "best_score": 0.9288749352692504
    },
    "plot": {
        "generate_scatter_plot": 0.004393815994262695,
        "animate_sine_wave": 1.0001769065856934,
        "render_large_image": 0.4569361209869385
    },
    "reference_index": 50743.17661285278,
    "config_name": "standard"
}