{
    "system_info": {
        "os": "Darwin",
        "os_version": "Darwin Kernel Version 24.4.0: Fri Apr 11 18:32:50 PDT 2025; root:xnu-11417.101.15~117/RELEASE_ARM64_T6041",
        "architecture": "64bit",
        "cpu": {
            "model": "Apple M4 Max",
            "cores": 14,
            "threads": 14,
            "frequency_mhz": "N/A",
            "l2_cache_size": "N/A",
            "l3_cache_size": "N/A"
        },
        "memory": {
            "total_gb": 36.0,
            "available_gb": 17.78,
            "used_percent": 50.6
        },
        "gpus": "NVIDIA GPU not found or pynvml failed.",
        "torch_gpus": {
            "backend": "MPS",
            "device_count": 1,
            "device_names": [
                "Apple M-series GPU"
            ]
        }
    },
    "cpu": {
        "floating_point_operations": 0.004755973815917969,
        "parallel_processing": 2.396131992340088
    },
    "memory": {
        "allocation": 5.0067901611328125e-06
    },
    "gpu": {
        "tensor_operations": 0.0003180503845214844,
        "tiny_training_loop": 0.003198862075805664
    },
    "disk": {
        "write_time": 0.025799989700317383,
        "read_time": 0.0038640499114990234
    },
    "ml": {
        "timings": {
            "create_dataset": 0.0029680728912353516,
            "run_grid_search": 13.973410844802856
        },
        "best_params": {
            "max_depth": 20,
            "n_estimators": 50
        },
        "best_score": 0.9512498109529256
    },
    "plot": {
        "generate_scatter_plot": 0.004352092742919922,
        "animate_sine_wave": 1.0045239925384521,
        "render_large_image": 0.4583439826965332
    },
    "reference_index": 41287.5195021241
}