{
    "system_info": {
        "os": "Darwin",
        "os_version": "Darwin Kernel Version 24.2.0: Fri Dec  6 19:03:40 PST 2024; root:xnu-11215.61.5~2/RELEASE_ARM64_T6041",
        "architecture": "64bit",
        "cpu_count": 14,
        "memory": "36.0 GB",
        "gpus": [],
        "torch_gpus": {
            "backend": "MPS",
            "device_count": 1,
            "device_names": [
                "Apple M-series GPU"
            ]
        }
    },
    "cpu": {
        "floating_point_operations": 0.004395008087158203,
        "parallel_processing": 1.6870930194854736
    },
    "memory": {
        "allocation": 5.0067901611328125e-06
    },
    "gpu": {
        "tensor_operations": 0.0002608299255371094,
        "tiny_training_loop": 0.0024869441986083984
    },
    "disk": {
        "write_time": 0.025611162185668945,
        "read_time": 0.0038318634033203125
    },
    "ml": {
        "timings": {
            "create_dataset": 0.0026941299438476562,
            "run_grid_search": 14.357760906219482
        },
        "best_params": {
            "max_depth": 10,
            "n_estimators": 50
        },
        "best_score": 0.8818752775933016
    },
    "plot": {
        "generate_scatter_plot": 0.003620147705078125,
        "animate_sine_wave": 0.849452018737793,
        "render_large_image": 0.21120095252990723
    }
}