{
    "system_info": {
        "os": "Darwin",
        "os_version": "Darwin Kernel Version 24.4.0: Fri Apr 11 18:32:50 PDT 2025; root:xnu-11417.101.15~117/RELEASE_ARM64_T6041",
        "architecture": "64bit",
        "cpu": {
            "model": "Apple M4 Max",
            "cores": 14,
            "threads": 14,
            "frequency_mhz": "N/A",
            "l2_cache_size": "N/A",
            "l3_cache_size": "N/A"
        },
        "memory": {
            "total_gb": 36.0,
            "available_gb": 17.97,
            "used_percent": 50.1
        },
        "gpus": "NVIDIA GPU not found or pynvml failed.",
        "torch_gpus": {
            "backend": "MPS",
            "device_count": 1,
            "device_names": [
                "Apple M-series GPU"
            ]
        }
    },
    "cpu": {
        "floating_point_operations": 0.004616975784301758,
        "parallel_processing": 2.438749074935913
    },
    "memory": {
        "allocation": 4.0531158447265625e-06
    },
    "gpu": {
        "tensor_operations": 0.0003688335418701172,
        "tiny_training_loop": 0.0025119781494140625
    },
    "disk": {
        "write_time": 0.02710866928100586,
        "read_time": 0.00461888313293457
    },
    "ml": {
        "timings": {
            "create_dataset": 0.003065824508666992,
            "run_grid_search": 14.947028875350952
        },
        "best_params": {
            "max_depth": null,
            "n_estimators": 50
        },
        "best_score": 0.9122504191852238
    },
    "plot": {
        "generate_scatter_plot": 0.004538059234619141,
        "animate_sine_wave": 0.997298002243042,
        "render_large_image": 0.46165895462036133
    },
    "reference_index": 50515.88980416524
}