{
    "system_info": {
        "os": "Darwin",
        "os_version": "Darwin Kernel Version 24.4.0: Fri Apr 11 18:32:50 PDT 2025; root:xnu-11417.101.15~117/RELEASE_ARM64_T6041",
        "architecture": "64bit",
        "cpu": {
            "model": "Apple M4 Max",
            "cores": 14,
            "threads": 14,
            "frequency_mhz": "N/A",
            "l2_cache_size": "N/A",
            "l3_cache_size": "N/A"
        },
        "memory": {
            "total_gb": 36.0,
            "available_gb": 18.54,
            "used_percent": 48.5
        },
        "gpus": "NVIDIA GPU not found or pynvml failed.",
        "torch_gpus": {
            "backend": "MPS",
            "device_count": 1,
            "device_names": [
                "Apple M-series GPU"
            ]
        }
    },
    "cpu": {
        "floating_point_operations": 0.0048749446868896484,
        "parallel_processing": 2.4834389686584473
    },
    "memory": {
        "allocation": 5.0067901611328125e-06
    },
    "gpu": {
        "tensor_operations": 0.00031304359436035156,
        "tiny_training_loop": 0.0028619766235351562
    },
    "disk": {
        "write_time": 0.02637004852294922,
        "read_time": 0.004349946975708008
    },
    "ml": {
        "timings": {
            "create_dataset": 0.003047943115234375,
            "run_grid_search": 13.3317711353302
        },
        "best_params": {
            "max_depth": null,
            "n_estimators": 50
        },
        "best_score": 0.9853751401854963
    },
    "plot": {
        "generate_scatter_plot": 0.004408836364746094,
        "animate_sine_wave": 1.0206692218780518,
        "render_large_image": 0.46362805366516113
    },
    "reference_index": 41305.58189787521,
    "config_name": "standard"
}