{
    "system_info": {
        "os": "Darwin",
        "os_version": "Darwin Kernel Version 24.4.0: Fri Apr 11 18:32:50 PDT 2025; root:xnu-11417.101.15~117/RELEASE_ARM64_T6041",
        "architecture": "64bit",
        "cpu": {
            "model": "Apple M4 Max",
            "cores": 14,
            "threads": 14,
            "frequency_mhz": "N/A",
            "l2_cache_size": "N/A",
            "l3_cache_size": "N/A"
        },
        "memory": {
            "total_gb": 36.0,
            "available_gb": 17.96,
            "used_percent": 50.1
        },
        "gpus": "NVIDIA GPU not found or pynvml failed.",
        "torch_gpus": {
            "backend": "MPS",
            "device_count": 1,
            "device_names": [
                "Apple M-series GPU"
            ]
        }
    },
    "cpu": {
        "floating_point_operations": 0.004756927490234375,
        "parallel_processing": 2.3655471801757812
    },
    "memory": {
        "allocation": 3.814697265625e-06
    },
    "gpu": {
        "tensor_operations": 0.00028228759765625,
        "tiny_training_loop": 0.0028641223907470703
    },
    "disk": {
        "write_time": 0.026160240173339844,
        "read_time": 0.0038347244262695312
    },
    "ml": {
        "timings": {
            "create_dataset": 0.0029959678649902344,
            "run_grid_search": 14.374160051345825
        },
        "best_params": {
            "max_depth": null,
            "n_estimators": 100
        },
        "best_score": 0.9225003569977609
    },
    "plot": {
        "generate_scatter_plot": 0.004436969757080078,
        "animate_sine_wave": 0.9963490962982178,
        "render_large_image": 0.4639890193939209
    },
    "reference_index": 53929.88248553285
}