{
    "system_info": {
        "os": "Darwin",
        "os_version": "Darwin Kernel Version 24.4.0: Fri Apr 11 18:32:50 PDT 2025; root:xnu-11417.101.15~117/RELEASE_ARM64_T6041",
        "architecture": "64bit",
        "cpu": {
            "model": "Apple M4 Max",
            "cores": 14,
            "threads": 14,
            "frequency_mhz": "N/A",
            "l2_cache_size": "N/A",
            "l3_cache_size": "N/A"
        },
        "memory": {
            "total_gb": 36.0,
            "available_gb": 17.84,
            "used_percent": 50.4
        },
        "gpus": "NVIDIA GPU not found or pynvml failed.",
        "torch_gpus": {
            "backend": "MPS",
            "device_count": 1,
            "device_names": [
                "Apple M-series GPU"
            ]
        }
    },
    "cpu": {
        "floating_point_operations": 0.004643917083740234,
        "parallel_processing": 2.443769931793213
    },
    "memory": {
        "allocation": 4.0531158447265625e-06
    },
    "gpu": {
        "tensor_operations": 0.0003170967102050781,
        "tiny_training_loop": 0.0024771690368652344
    },
    "disk": {
        "write_time": 0.026766061782836914,
        "read_time": 0.0039048194885253906
    },
    "ml": {
        "timings": {
            "create_dataset": 0.002961874008178711,
            "run_grid_search": 14.099426746368408
        },
        "best_params": {
            "max_depth": null,
            "n_estimators": 100
        },
        "best_score": 0.9748754211424998
    },
    "plot": {
        "generate_scatter_plot": 0.004481077194213867,
        "animate_sine_wave": 1.0107550621032715,
        "render_large_image": 0.47822093963623047
    },
    "reference_index": 50692.33193536077
}