{
    "system_info": {
        "os": "Darwin",
        "os_version": "Darwin Kernel Version 24.4.0: Fri Apr 11 18:32:50 PDT 2025; root:xnu-11417.101.15~117/RELEASE_ARM64_T6041",
        "architecture": "64bit",
        "cpu": {
            "model": "Apple M4 Max",
            "cores": 14,
            "threads": 14,
            "frequency_mhz": "N/A",
            "l2_cache_size": "N/A",
            "l3_cache_size": "N/A"
        },
        "memory": {
            "total_gb": 36.0,
            "available_gb": 18.53,
            "used_percent": 48.5
        },
        "gpus": "NVIDIA GPU not found or pynvml failed.",
        "torch_gpus": {
            "backend": "MPS",
            "device_count": 1,
            "device_names": [
                "Apple M-series GPU"
            ]
        }
    },
    "cpu": {
        "floating_point_operations": 0.0004112720489501953,
        "parallel_processing": 2.3262078762054443
    },
    "memory": {
        "allocation": 0.0002532005310058594
    },
    "gpu": {
        "tensor_operations": 0.00021696090698242188,
        "tiny_training_loop": 0.0029969215393066406
    },
    "disk": {
        "write_time": 0.0051670074462890625,
        "read_time": 0.0009000301361083984
    },
    "ml": {
        "timings": {
            "create_dataset": 0.002950906753540039,
            "run_grid_search": 15.465121030807495
        },
        "best_params": {
            "max_depth": 20,
            "n_estimators": 100
        },
        "best_score": 0.919874513060211
    },
    "plot": {
        "generate_scatter_plot": 0.0026979446411132812,
        "animate_sine_wave": 0.9980192184448242,
        "render_large_image": 0.48077988624572754
    },
    "reference_index": 3606.130100719554,
    "config_name": "light",
    "uuid": "6a4eeb0c-fc74-4c35-a342-dc2dc1bd05de"
}