{
    "system_info": {
        "os": "Darwin",
        "os_version": "Darwin Kernel Version 24.1.0: Thu Oct 10 21:06:57 PDT 2024; root:xnu-11215.41.3~3/RELEASE_ARM64_T6041",
        "architecture": "64bit",
        "cpu_count": 14,
        "memory": "36.0 GB",
        "gpus": [],
        "torch_gpus": {
            "backend": "MPS",
            "device_count": 1,
            "device_names": [
                "Apple M-series GPU"
            ]
        }
    },
    "cpu": {
        "floating_point_operations": 0.00446009635925293,
        "parallel_processing": 3.018894910812378
    },
    "memory": {
        "allocation": 4.76837158203125e-06
    },
    "gpu": {
        "tensor_operations": 0.0003991127014160156,
        "tiny_training_loop": 0.002006053924560547
    },
    "disk": {
        "write_time": 0.025027036666870117,
        "read_time": 0.003857135772705078
    },
    "ml": {
        "grid_search_time": 13.002440214157104,
        "best_params": {
            "max_depth": null,
            "n_estimators": 50
        },
        "best_score": 0.9656249364178314
    },
    "plot": {
        "scatter_plot_time": 0.003645181655883789,
        "animation_time": 0.8568770885467529,
        "large_image_time": 0.22242403030395508
    }
}