{
    "system_info": {
        "os": "Darwin",
        "os_version": "Darwin Kernel Version 24.4.0: Fri Apr 11 18:32:50 PDT 2025; root:xnu-11417.101.15~117/RELEASE_ARM64_T6041",
        "architecture": "64bit",
        "cpu": {
            "model": "Apple M4 Max",
            "cores": 14,
            "threads": 14,
            "frequency_mhz": "N/A",
            "l2_cache_size": "N/A",
            "l3_cache_size": "N/A"
        },
        "memory": {
            "total_gb": 36.0,
            "available_gb": 19.16,
            "used_percent": 46.8
        },
        "gpus": "NVIDIA GPU not found or pynvml failed.",
        "torch_gpus": {
            "backend": "MPS",
            "device_count": 1,
            "device_names": [
                "Apple M-series GPU"
            ]
        }
    },
    "cpu": {
        "floating_point_operations": 0.0003879070281982422,
        "parallel_processing": 2.6258091926574707
    },
    "memory": {
        "allocation": 0.00021386146545410156
    },
    "gpu": {
        "tensor_operations": 0.00019097328186035156,
        "tiny_training_loop": 0.0025882720947265625
    },
    "disk": {
        "write_time": 0.004677772521972656,
        "read_time": 0.0008208751678466797
    },
    "ml": {
        "timings": {
            "create_dataset": 0.0028870105743408203,
            "run_grid_search": 14.688884019851685
        },
        "best_params": {
            "max_depth": 20,
            "n_estimators": 100
        },
        "best_score": 0.9180000755719488
    },
    "plot": {
        "generate_scatter_plot": 0.0026700496673583984,
        "animate_sine_wave": 1.0081942081451416,
        "render_large_image": 0.4666769504547119
    },
    "reference_index": 4060.8935942306507,
    "config_name": "light"
}