{
    "system_info": {
        "os": "Darwin",
        "os_version": "Darwin Kernel Version 24.4.0: Fri Apr 11 18:32:50 PDT 2025; root:xnu-11417.101.15~117/RELEASE_ARM64_T6041",
        "architecture": "64bit",
        "cpu": {
            "model": "Apple M4 Max",
            "cores": 14,
            "threads": 14,
            "frequency_mhz": "N/A",
            "l2_cache_size": "N/A",
            "l3_cache_size": "N/A"
        },
        "memory": {
            "total_gb": 36.0,
            "available_gb": 17.93,
            "used_percent": 50.2
        },
        "gpus": "NVIDIA GPU not found or pynvml failed.",
        "torch_gpus": {
            "backend": "MPS",
            "device_count": 1,
            "device_names": [
                "Apple M-series GPU"
            ]
        }
    },
    "cpu": {
        "floating_point_operations": 0.004999876022338867,
        "parallel_processing": 2.294428825378418
    },
    "memory": {
        "allocation": 4.0531158447265625e-06
    },
    "gpu": {
        "tensor_operations": 0.00031280517578125,
        "tiny_training_loop": 0.0032019615173339844
    },
    "disk": {
        "write_time": 0.02555704116821289,
        "read_time": 0.004190206527709961
    },
    "ml": {
        "timings": {
            "create_dataset": 0.003070831298828125,
            "run_grid_search": 14.295963048934937
        },
        "best_params": {
            "max_depth": null,
            "n_estimators": 100
        },
        "best_score": 0.9651248113865737
    },
    "plot": {
        "generate_scatter_plot": 0.0045511722564697266,
        "animate_sine_wave": 0.991847038269043,
        "render_large_image": 0.46726417541503906
    },
    "reference_index": 50703.50614438043
}