{
    "system_info": {
        "os": "Darwin",
        "os_version": "Darwin Kernel Version 24.4.0: Fri Apr 11 18:32:50 PDT 2025; root:xnu-11417.101.15~117/RELEASE_ARM64_T6041",
        "architecture": "64bit",
        "cpu": {
            "model": "Apple M4 Max",
            "cores": 14,
            "threads": 14,
            "frequency_mhz": "N/A",
            "l2_cache_size": "N/A",
            "l3_cache_size": "N/A"
        },
        "memory": {
            "total_gb": 36.0,
            "available_gb": 17.86,
            "used_percent": 50.4
        },
        "gpus": "NVIDIA GPU not found or pynvml failed.",
        "torch_gpus": {
            "backend": "MPS",
            "device_count": 1,
            "device_names": [
                "Apple M-series GPU"
            ]
        }
    },
    "cpu": {
        "floating_point_operations": 0.0047838687896728516,
        "parallel_processing": 2.3632068634033203
    },
    "memory": {
        "allocation": 5.0067901611328125e-06
    },
    "gpu": {
        "tensor_operations": 0.0003151893615722656,
        "tiny_training_loop": 0.0026938915252685547
    },
    "disk": {
        "write_time": 0.025777101516723633,
        "read_time": 0.0039522647857666016
    },
    "ml": {
        "timings": {
            "create_dataset": 0.003070831298828125,
            "run_grid_search": 13.04411792755127
        },
        "best_params": {
            "max_depth": null,
            "n_estimators": 50
        },
        "best_score": 0.9786251399745325
    },
    "plot": {
        "generate_scatter_plot": 0.004391908645629883,
        "animate_sine_wave": 1.0099530220031738,
        "render_large_image": 0.469635009765625
    },
    "reference_index": 41298.445080480735
}