{
    "system_info": {
        "os": "Darwin",
        "os_version": "Darwin Kernel Version 24.4.0: Fri Apr 11 18:32:50 PDT 2025; root:xnu-11417.101.15~117/RELEASE_ARM64_T6041",
        "architecture": "64bit",
        "cpu": {
            "model": "Apple M4 Max",
            "cores": 14,
            "threads": 14,
            "frequency_mhz": "N/A",
            "l2_cache_size": "N/A",
            "l3_cache_size": "N/A"
        },
        "memory": {
            "total_gb": 36.0,
            "available_gb": 18.72,
            "used_percent": 48.0
        },
        "gpus": "NVIDIA GPU not found or pynvml failed.",
        "torch_gpus": {
            "backend": "MPS",
            "device_count": 1,
            "device_names": [
                "Apple M-series GPU"
            ]
        }
    },
    "cpu": {
        "floating_point_operations": 0.0003948211669921875,
        "parallel_processing": 2.475827932357788
    },
    "memory": {
        "allocation": 0.00026106834411621094
    },
    "gpu": {
        "tensor_operations": 0.00020313262939453125,
        "tiny_training_loop": 0.003014802932739258
    },
    "disk": {
        "write_time": 0.005364894866943359,
        "read_time": 0.0008697509765625
    },
    "ml": {
        "timings": {
            "create_dataset": 0.002931833267211914,
            "run_grid_search": 15.203203916549683
        },
        "best_params": {
            "max_depth": 10,
            "n_estimators": 100
        },
        "best_score": 0.9125000128922368
    },
    "plot": {
        "generate_scatter_plot": 0.0026569366455078125,
        "animate_sine_wave": 1.0148301124572754,
        "render_large_image": 0.5082499980926514
    },
    "reference_index": 3748.3566380987268,
    "config_name": "light",
    "uuid": "febe6a4d-932d-422f-a503-22bdcc2d97b2"
}