{
    "system_info": {
        "os": "Darwin",
        "os_version": "Darwin Kernel Version 24.4.0: Fri Apr 11 18:32:50 PDT 2025; root:xnu-11417.101.15~117/RELEASE_ARM64_T6041",
        "architecture": "64bit",
        "cpu": {
            "model": "Apple M4 Max",
            "cores": 14,
            "threads": 14,
            "frequency_mhz": "N/A",
            "l2_cache_size": "N/A",
            "l3_cache_size": "N/A"
        },
        "memory": {
            "total_gb": 36.0,
            "available_gb": 18.79,
            "used_percent": 47.8
        },
        "gpus": "NVIDIA GPU not found or pynvml failed.",
        "torch_gpus": {
            "backend": "MPS",
            "device_count": 1,
            "device_names": [
                "Apple M-series GPU"
            ]
        }
    },
    "cpu": {
        "floating_point_operations": 0.025400161743164062,
        "parallel_processing": 2.4504568576812744
    },
    "memory": {
        "allocation": 5.0067901611328125e-05
    },
    "gpu": {
        "tensor_operations": 0.0004138946533203125,
        "tiny_training_loop": 0.0022399425506591797
    },
    "disk": {
        "write_time": 0.061138153076171875,
        "read_time": 0.010516166687011719
    },
    "ml": {
        "timings": {
            "create_dataset": 0.003041982650756836,
            "run_grid_search": 12.661081075668335
        },
        "best_params": {
            "max_depth": 20,
            "n_estimators": 50
        },
        "best_score": 0.9898749528026927
    },
    "plot": {
        "generate_scatter_plot": 0.006592988967895508,
        "animate_sine_wave": 1.0551731586456299,
        "render_large_image": 0.47580814361572266
    },
    "reference_index": 4976.752662398536,
    "config_name": "heavy"
}