{
    "system_info": {
        "os": "Darwin",
        "os_version": "Darwin Kernel Version 24.4.0: Fri Apr 11 18:32:50 PDT 2025; root:xnu-11417.101.15~117/RELEASE_ARM64_T6041",
        "architecture": "64bit",
        "cpu": {
            "model": "Apple M4 Max",
            "cores": 14,
            "threads": 14,
            "frequency_mhz": "N/A",
            "l2_cache_size": "N/A",
            "l3_cache_size": "N/A"
        },
        "memory": {
            "total_gb": 36.0,
            "available_gb": 17.92,
            "used_percent": 50.2
        },
        "gpus": "NVIDIA GPU not found or pynvml failed.",
        "torch_gpus": {
            "backend": "MPS",
            "device_count": 1,
            "device_names": [
                "Apple M-series GPU"
            ]
        }
    },
    "cpu": {
        "floating_point_operations": 0.004716157913208008,
        "parallel_processing": 2.313149929046631
    },
    "memory": {
        "allocation": 4.0531158447265625e-06
    },
    "gpu": {
        "tensor_operations": 0.000286102294921875,
        "tiny_training_loop": 0.003003835678100586
    },
    "disk": {
        "write_time": 0.025816917419433594,
        "read_time": 0.003859281539916992
    },
    "ml": {
        "timings": {
            "create_dataset": 0.0029151439666748047,
            "run_grid_search": 12.694967985153198
        },
        "best_params": {
            "max_depth": null,
            "n_estimators": 50
        },
        "best_score": 0.8909992777534465
    },
    "plot": {
        "generate_scatter_plot": 0.0043659210205078125,
        "animate_sine_wave": 0.9763550758361816,
        "render_large_image": 0.45470380783081055
    },
    "reference_index": 50827.66907659261
}