{
    "system_info": {
        "os": "Darwin",
        "os_version": "Darwin Kernel Version 24.4.0: Fri Apr 11 18:32:50 PDT 2025; root:xnu-11417.101.15~117/RELEASE_ARM64_T6041",
        "architecture": "64bit",
        "cpu": {
            "model": "Apple M4 Max",
            "cores": 14,
            "threads": 14,
            "frequency_mhz": "N/A",
            "l2_cache_size": "N/A",
            "l3_cache_size": "N/A"
        },
        "memory": {
            "total_gb": 36.0,
            "available_gb": 17.94,
            "used_percent": 50.2
        },
        "gpus": "NVIDIA GPU not found or pynvml failed.",
        "torch_gpus": {
            "backend": "MPS",
            "device_count": 1,
            "device_names": [
                "Apple M-series GPU"
            ]
        }
    },
    "cpu": {
        "floating_point_operations": 0.004750251770019531,
        "parallel_processing": 2.410902738571167
    },
    "memory": {
        "allocation": 4.0531158447265625e-06
    },
    "gpu": {
        "tensor_operations": 0.000347137451171875,
        "tiny_training_loop": 0.0025980472564697266
    },
    "disk": {
        "write_time": 0.027050018310546875,
        "read_time": 0.004252195358276367
    },
    "ml": {
        "timings": {
            "create_dataset": 0.0029630661010742188,
            "run_grid_search": 14.377161979675293
        },
        "best_params": {
            "max_depth": null,
            "n_estimators": 100
        },
        "best_score": 0.9173753880914924
    },
    "plot": {
        "generate_scatter_plot": 0.004584074020385742,
        "animate_sine_wave": 0.9979057312011719,
        "render_large_image": 0.4609830379486084
    },
    "reference_index": 50581.24032289734
}