{
    "system_info": {
        "os": "Darwin",
        "os_version": "Darwin Kernel Version 24.4.0: Fri Apr 11 18:32:50 PDT 2025; root:xnu-11417.101.15~117/RELEASE_ARM64_T6041",
        "architecture": "64bit",
        "cpu": {
            "model": "Apple M4 Max",
            "cores": 14,
            "threads": 14,
            "frequency_mhz": "N/A",
            "l2_cache_size": "N/A",
            "l3_cache_size": "N/A"
        },
        "memory": {
            "total_gb": 36.0,
            "available_gb": 17.91,
            "used_percent": 50.2
        },
        "gpus": "NVIDIA GPU not found or pynvml failed.",
        "torch_gpus": {
            "backend": "MPS",
            "device_count": 1,
            "device_names": [
                "Apple M-series GPU"
            ]
        }
    },
    "cpu": {
        "floating_point_operations": 0.004709959030151367,
        "parallel_processing": 2.3364081382751465
    },
    "memory": {
        "allocation": 5.0067901611328125e-06
    },
    "gpu": {
        "tensor_operations": 0.0003180503845214844,
        "tiny_training_loop": 0.0026068687438964844
    },
    "disk": {
        "write_time": 0.0255281925201416,
        "read_time": 0.0040950775146484375
    },
    "ml": {
        "timings": {
            "create_dataset": 0.0030231475830078125,
            "run_grid_search": 13.291830062866211
        },
        "best_params": {
            "max_depth": null,
            "n_estimators": 50
        },
        "best_score": 0.9405003106794697
    },
    "plot": {
        "generate_scatter_plot": 0.004332065582275391,
        "animate_sine_wave": 0.9802281856536865,
        "render_large_image": 0.45725226402282715
    },
    "reference_index": 41288.34117852019
}