{
    "system_info": {
        "os": "Darwin",
        "os_version": "Darwin Kernel Version 24.4.0: Fri Apr 11 18:32:50 PDT 2025; root:xnu-11417.101.15~117/RELEASE_ARM64_T6041",
        "architecture": "64bit",
        "cpu": {
            "model": "Apple M4 Max",
            "cores": 14,
            "threads": 14,
            "frequency_mhz": "N/A",
            "l2_cache_size": "N/A",
            "l3_cache_size": "N/A"
        },
        "memory": {
            "total_gb": 36.0,
            "available_gb": 18.5,
            "used_percent": 48.6
        },
        "gpus": "NVIDIA GPU not found or pynvml failed.",
        "torch_gpus": {
            "backend": "MPS",
            "device_count": 1,
            "device_names": [
                "Apple M-series GPU"
            ]
        }
    },
    "cpu": {
        "floating_point_operations": 0.004988908767700195,
        "parallel_processing": 2.727094888687134
    },
    "memory": {
        "allocation": 4.76837158203125e-06
    },
    "gpu": {
        "tensor_operations": 0.00031113624572753906,
        "tiny_training_loop": 0.0028281211853027344
    },
    "disk": {
        "write_time": 0.02658390998840332,
        "read_time": 0.004212141036987305
    },
    "ml": {
        "timings": {
            "create_dataset": 0.0030701160430908203,
            "run_grid_search": 14.687934875488281
        },
        "best_params": {
            "max_depth": 20,
            "n_estimators": 100
        },
        "best_score": 0.9237503414098743
    },
    "plot": {
        "generate_scatter_plot": 0.004380941390991211,
        "animate_sine_wave": 1.0036938190460205,
        "render_large_image": 0.47315216064453125
    },
    "reference_index": 43308.828275697284,
    "config_name": "standard"
}